{
  "intrinsics": {
    "width_px": 1280,
    "height_px": 720,
    "fx": 903.8519897460938,
    "fy": 904.0645751953125,
    "ppx": 650.0914916992188,
    "ppy": 367.2109069824219
  },
  "translation": {
    "X": -14.697575941681862,
    "Y": -0.1458179031033069,
    "Z": -0.6784245488233864
  }
}
