{
  "intrinsics": {
    "width_px": 1280,
    "height_px": 720,
    "fx": 922.7003173828125,
    "fy": 922.6712036132812,
    "ppx": 656.8561401367188,
    "ppy": 362.58929443359375
  },
  "translation": {
    "X": -15.04422165453434,
    "Y": -0.17297122394666076,
    "Z": -0.42806094279512763
  }
}
